Match Type,Date,Time (EST),Team One,Team two,Venue,League,Division Name,Umpire One,Umpire Two,Umpire Three,Umpire Four,Match Manager,Scorer One,Scorer Two,Result,Score Summary
league,2026-05-02,14:30:00,Michigan Warriors MIWA,Majestic Lions CC MLCC,"Lasky Recreation Center, Detroit",2026 F40 & T30,T30,,,,,,,,,
league,2026-05-02,14:30:00,The Squad Cricket Club TSXI,Farmington CC Kings XI FCXI,Jayne Field,2026 F40 & T30,T30,,,,,,,,,
league,2026-05-02,09:00:00,Mavericks Cricket Club MVCC,Michigan Rangers CC MIRC,"Lasky Recreation Center, Detroit",2026 F40 & T30,T30,,,,,,,,,
league,2026-05-02,09:00:00,Michigan International CA Chargers MICC,United CC UNCC,Jayne Field,2026 F40 & T30,T30,,,,,,,,,
league,2026-05-03,16:00:00,Michigan Elite CC MELC,MYCA Elite MYCA,"Joseph J. Delia Jr. Park, Sterling Heights",2026 T20,Division III,,,,,,,,,
league,2026-05-03,16:00:00,Crowned Strikers CRWN,DETROIT ICE DICE,"Lasky Recreation Center, Detroit",2026 T20,Division III,,,,,,,,,
league,2026-05-03,16:00:00,Sylhet Express SHEP,Sparks CC SPCC,Jayne Field,2026 T20,Division III,,,,,,,,,
league,2026-05-03,12:30:00,Farmington Stars FSCC,Odia CA Titans ODCT,"Joseph J. Delia Jr. Park, Sterling Heights",2026 T20,Division III,,,,,,,,,
league,2026-05-03,12:30:00,Aadukalam CC Chembians ADCB,Detroit Eagles Cricket Club DEEG,"Lasky Recreation Center, Detroit",2026 T20,Division III,,,,,,,,,
league,2026-05-03,12:30:00,Michigan International CA Firebirds MIFB,Prime Strikers PRSD,Jayne Field,2026 T20,Division III,,,,,,,,,
league,2026-05-03,08:45:00,Farmington CC Falcons FAFL,Novi Vikings NVVK,"Joseph J. Delia Jr. Park, Sterling Heights",2026 T20,Division III,,,,,,,,,
league,2026-05-03,08:45:00,MACHI CC MACH,Michigan Rising Stars CC MRSC,Jayne Field,2026 T20,Division III,,,,,,,,,
league,2026-05-03,08:45:00,Motor City Chargers Cricket Club MCC,Mavericks Cricket Club MVCC,"Lasky Recreation Center, Detroit",2026 T20,Division II,,,,,,,,,
league,2026-05-09,14:30:00,South Peninsula Cricket Association SPCA,Dark Invaders CC DARI,"Joseph J. Delia Jr. Park, Sterling Heights",2026 F40 & T30,T30,,,,,,,,,
league,2026-05-09,14:30:00,Michigan Rangers CC MIRC,South Lyon Cricket Club Eagles SLCE,"Lasky Recreation Center, Detroit",2026 F40 & T30,T30,,,,,,,,,
league,2026-05-09,14:30:00,The Squad Cricket Club TSXI,United CC UNCC,Jayne Field,2026 F40 & T30,T30,,,,,,,,,
league,2026-05-09,09:00:00,Detroit Super Kings CC Bulls DSKB,Big League Arena CC Beasts BLAB,"Joseph J. Delia Jr. Park, Sterling Heights",2026 F40 & T30,T30,,,,,,,,,
league,2026-05-09,09:00:00,Michigan International CA Falcons MICF,Michigan Warriors MIWA,"Lasky Recreation Center, Detroit",2026 F40 & T30,T30,,,,,,,,,
league,2026-05-09,09:00:00,Farmington CC Kings XI FCXI,Motown CC MOCC,Jayne Field,2026 F40 & T30,T30,,,,,,,,,
league,2026-05-10,16:00:00,Royal Albatross Club RACC,Detroit Dragons DEDR,"Belle Isle, Detroit",2026 T20,Division II,,,,,,,,,
league,2026-05-10,16:00:00,Detroit Super Kings CC Bulls DSKB,Detroit Challengers CC DCCC,"Joseph J. Delia Jr. Park, Sterling Heights",2026 T20,Division I,,,,,,,,,
league,2026-05-10,16:00:00,MIGR Old Monk GROM,West Michigan CC WMCC,Jayne Field,2026 T20,Division I,,,,,,,,,
league,2026-05-10,16:00:00,Motor City United CC MCUC,Michigan Cheetahs MICT,"Lasky Recreation Center, Detroit",2026 T20,Premier,,,,,,,,,
league,2026-05-10,16:00:00,Chargers Warriors Association CHWA,Odia CA Crusaders ODCC,"Bloomer Park, Rochester Hills",2026 T20,Premier,,,,,,,,,
league,2026-05-10,12:30:00,Michigan Challengers MICH,Killers Acadamy CC KLCA,"Belle Isle, Detroit",2026 T20,Division II,,,,,,,,,
league,2026-05-10,12:30:00,Stellar United Sporting Club SUSC,Become Better Novi Cardinals BBNC,"Joseph J. Delia Jr. Park, Sterling Heights",2026 T20,Premier,,,,,,,,,
league,2026-05-10,12:30:00,Macomb CC Titans MACT,Michigan Warriors MIWA,"Lasky Recreation Center, Detroit",2026 T20,Premier,,,,,,,,,
league,2026-05-10,12:30:00,Punjab Cricket Club PCC,Killers CC KLCC,Jayne Field,2026 T20,Premier,,,,,,,,,
league,2026-05-10,12:30:00,Greater Detroit CC Panthers GPAN,Brownstown Nirvana CC BSCC,"Bloomer Park, Rochester Hills",2026 T20,Premier,,,,,,,,,
league,2026-05-10,08:45:00,Royal Risers Cricket Club RRCC,Farmington Cricket Club Broncos FCCB,"Belle Isle, Detroit",2026 T20,Division III,,,,,,,,,
league,2026-05-10,08:45:00,Michigan Bengals CC MBCC,Karnataka Eagles CC KECC,"Joseph J. Delia Jr. Park, Sterling Heights",2026 T20,Division I,,,,,,,,,
league,2026-05-10,08:45:00,Motown CC MOCC,Smashers Cricket Club SHCC,"Lasky Recreation Center, Detroit",2026 T20,Division I,,,,,,,,,
league,2026-05-10,08:45:00,Farmington CC Kings XI FCXI,Warren Flames Cricket Club WFCC,Jayne Field,2026 T20,Division I,,,,,,,,,
league,2026-05-10,08:45:00,South Lyon Cricket Club  Legends  SLCL,University of Toledo Rockets UTCC,"Bloomer Park, Rochester Hills",2026 T20,Division I,,,,,,,,,
league,2026-05-16,14:30:00,Michigan International CA Chargers MICC,Majestic Lions CC MLCC,"Lyon Oaks Country Park, Wixom",2026 F40 & T30,T30,,,,,,,,,
league,2026-05-16,10:30:00,Royal Knights CC RKCC,Samrats Cricket Club SCC,"Joseph J. Delia Jr. Park, Sterling Heights",2026 F40 & T30,F40,,,,,,,,,
league,2026-05-16,10:30:00,Macomb CC MACC,Greater Detroit CC Panthers GPAN,Jayne Field,2026 F40 & T30,F40,,,,,,,,,
league,2026-05-16,10:30:00,Nirvana CC NCC,Odia CA Crusaders ODCC,"Lasky Recreation Center, Detroit",2026 F40 & T30,F40,,,,,,,,,
league,2026-05-16,09:00:00,South Lyon Cricket Club Eagles SLCE,Big League Arena CC Beasts BLAB,"Lyon Oaks Country Park, Wixom",2026 F40 & T30,T30,,,,,,,,,
league,2026-05-17,16:00:00,Michigan Elite CC MELC,Odia CA Titans ODCT,"Belle Isle, Detroit",2026 T20,Division III,,,,,,,,,
league,2026-05-17,16:00:00,Mavericks Cricket Club MVCC,Royal Albatross Club RACC,Millennium Park,2026 T20,Division II,,,,,,,,,
league,2026-05-17,16:00:00,Karnataka Eagles CC KECC,MIGR Single Malt GRSM,"Lasky Recreation Center, Detroit",2026 T20,Division I,,,,,,,,,
league,2026-05-17,16:00:00,Michigan Cheetahs MICT,Troy Cricket Super Kings TCSK,"Joseph J. Delia Jr. Park, Sterling Heights",2026 T20,Premier,,,,,,,,,
league,2026-05-17,16:00:00,Stellar United Sporting Club SUSC,Punjab Cricket Club PCC,"Lyon Oaks Country Park, Wixom",2026 T20,Premier,,,,,,,,,
league,2026-05-17,16:00:00,Michigan Warriors MIWA,Brownstown Nirvana CC BSCC,Jayne Field,2026 T20,Premier,,,,,,,,,
league,2026-05-17,16:00:00,Motor City United CC MCUC,Detroit Royals CC DRCC,"Bloomer Park, Rochester Hills",2026 T20,Premier,,,,,,,,,
league,2026-05-17,14:30:00,Motor City Chargers Cricket Club MCC,Majestic Lions CC MLCC,"Heritage Park, Canton",2026 T20,Division II,,,,,,,,,
league,2026-05-17,12:30:00,South Peninsula Cricket Association SPCA,Prime Strikers PRSD,"Belle Isle, Detroit",2026 T20,Division III,,,,,,,,,
league,2026-05-17,12:30:00,Troy CA Stars TCAS,Killers Acadamy CC KLCA,Millennium Park,2026 T20,Division II,,,,,,,,,
league,2026-05-17,12:30:00,Oakland County CC OCCC,Detroit Dynos CC DDCC,Jayne Field,2026 T20,Division II,,,,,,,,,
league,2026-05-17,12:30:00,Dark Invaders CC DARI,Macomb CC Olympians MACO,"Lasky Recreation Center, Detroit",2026 T20,Division I,,,,,,,,,
league,2026-05-17,12:30:00,Northville Cricket Club NLCC,Smashers Cricket Club SHCC,"Bloomer Park, Rochester Hills",2026 T20,Division I,,,,,,,,,
league,2026-05-17,12:30:00,Greater Detroit CC Panthers GPAN,Chargers Warriors Association CHWA,"Joseph J. Delia Jr. Park, Sterling Heights",2026 T20,Premier,,,,,,,,,
league,2026-05-17,12:30:00,Become Better Novi Cardinals BBNC,Macomb CC Titans MACT,"Lyon Oaks Country Park, Wixom",2026 T20,Premier,,,,,,,,,
league,2026-05-17,10:30:00,Michigan International CA Firebirds MIFB,Sparks CC SPCC,"Heritage Park, Canton",2026 T20,Division III,,,,,,,,,
league,2026-05-17,08:45:00,Odia CA Lancers ODCL,Michigan Dreamers CC MIDS,"Joseph J. Delia Jr. Park, Sterling Heights",2026 T20,Division II,,,,,,,,,
league,2026-05-17,08:45:00,Michigan Rangers CC MIRC,Michigan Bengals CC Warriors MBCW,Millennium Park,2026 T20,Division II,,,,,,,,,
league,2026-05-17,08:45:00,Big League Arena CC Knights BLAK,The Squad Cricket Club TSXI,Jayne Field,2026 T20,Division II,,,,,,,,,
league,2026-05-17,08:45:00,Scorpions Cricket Club SCRP,Aadukalam CC Chevaliers ADCC,"Belle Isle, Detroit",2026 T20,Division II,,,,,,,,,
league,2026-05-17,08:45:00,Motown CC MOCC,United CC UNCC,"Lyon Oaks Country Park, Wixom",2026 T20,Division I,,,,,,,,,
league,2026-05-17,08:45:00,Detroit Challengers CC DCCC,University of Toledo Rockets UTCC,"Lasky Recreation Center, Detroit",2026 T20,Division I,,,,,,,,,
league,2026-05-17,08:45:00,Detroit Super Kings CC Bulls DSKB,Rockstars ROCK,"Bloomer Park, Rochester Hills",2026 T20,Division I,,,,,,,,,
league,2026-05-23,14:30:00,South Lyon Cricket Club Eagles SLCE,Motown CC MOCC,"Bloomer Park, Rochester Hills",2026 F40 & T30,T30,,,,,,,,,
league,2026-05-23,09:00:00,Prime Strikers PRSD,The Squad Cricket Club TSXI,"Bloomer Park, Rochester Hills",2026 F40 & T30,T30,,,,,,,,,
league,2026-05-24,16:00:00,Sparks CC SPCC,Crowned Strikers CRWN,"Joseph J. Delia Jr. Park, Sterling Heights",2026 T20,Division III,,,,,,,,,
league,2026-05-24,16:00:00,Detroit Eagles Cricket Club DEEG,Michigan Rising Stars CC MRSC,Millennium Park,2026 T20,Division III,,,,,,,,,
league,2026-05-24,16:00:00,Farmington Cricket Club Broncos FCCB,Michigan Elite CC MELC,"Bloomer Park, Rochester Hills",2026 T20,Division III,,,,,,,,,
league,2026-05-24,16:00:00,Royal Albatross Club RACC,Motor City Chargers Cricket Club MCC,"Lyon Oaks Country Park, Wixom",2026 T20,Division II,,,,,,,,,
league,2026-05-24,12:30:00,Aadukalam CC Chevaliers ADCC,Detroit Dragons DEDR,Millennium Park,2026 T20,Division II,,,,,,,,,
league,2026-05-24,12:30:00,Oakland County CC OCCC,Michigan Challengers MICH,"Lyon Oaks Country Park, Wixom",2026 T20,Division II,,,,,,,,,
league,2026-05-24,12:30:00,Mavericks Cricket Club MVCC,Rebels Cricket Club RECC,"Bloomer Park, Rochester Hills",2026 T20,Division II,,,,,,,,,
league,2026-05-24,12:30:00,Hamtramck CC HTCC,Detroit Super Kings CC Bulls DSKB,"Joseph J. Delia Jr. Park, Sterling Heights",2026 T20,Division I,,,,,,,,,
league,2026-05-24,08:45:00,Aadukalam CC Chembians ADCB,DETROIT ICE DICE,"Joseph J. Delia Jr. Park, Sterling Heights",2026 T20,Division III,,,,,,,,,
league,2026-05-24,08:45:00,Michigan International CA Firebirds MIFB,Sylhet Express SHEP,"Lyon Oaks Country Park, Wixom",2026 T20,Division III,,,,,,,,,
league,2026-05-24,08:45:00,Big League Arena CC Knights BLAK,Detroit Dynos CC DDCC,"Bloomer Park, Rochester Hills",2026 T20,Division II,,,,,,,,,
league,2026-05-24,08:45:00,Sinha Cricket Club SNCC,Mid Michigan CC Heroes MMCH,Millennium Park,2026 T20,Division I,,,,,,,,,
league,2026-05-30,14:30:00,Big League Arena CC Beasts BLAB,The Squad Cricket Club TSXI,"Joseph J. Delia Jr. Park, Sterling Heights",2026 F40 & T30,T30,,,,,,,,,
league,2026-05-30,14:30:00,Mavericks Cricket Club MVCC,Michigan International CA Chargers MICC,"Lyon Oaks Country Park, Wixom",2026 F40 & T30,T30,,,,,,,,,
league,2026-05-30,14:30:00,United CC UNCC,Michigan Rangers CC MIRC,"Belle Isle, Detroit",2026 F40 & T30,T30,,,,,,,,,
league,2026-05-30,10:30:00,Macomb CC MACC,Odia CA Crusaders ODCC,"Bloomer Park, Rochester Hills",2026 F40 & T30,F40,,,,,,,,,
league,2026-05-30,10:30:00,Greater Detroit CC Panthers GPAN,Royal Knights CC RKCC,Jayne Field,2026 F40 & T30,F40,,,,,,,,,
league,2026-05-30,10:30:00,Samrats Cricket Club SCC,Nirvana CC NCC,"Lasky Recreation Center, Detroit",2026 F40 & T30,F40,,,,,,,,,
league,2026-05-30,09:00:00,Royal Bengals CC RBCC,Farmington CC Kings XI FCXI,"Joseph J. Delia Jr. Park, Sterling Heights",2026 F40 & T30,T30,,,,,,,,,
league,2026-05-30,09:00:00,Prime Strikers PRSD,Michigan Warriors MIWA,"Lyon Oaks Country Park, Wixom",2026 F40 & T30,T30,,,,,,,,,
league,2026-05-30,09:00:00,Dark Invaders CC DARI,Michigan International CA Falcons MICF,"Belle Isle, Detroit",2026 F40 & T30,T30,,,,,,,,,
league,2026-05-31,16:00:00,Majestic Lions CC MLCC,Detroit Dragons DEDR,"Joseph J. Delia Jr. Park, Sterling Heights",2026 T20,Division II,,,,,,,,,
league,2026-05-31,16:00:00,Rising Stars CC RIST,Oakland County CC OCCC,Millennium Park,2026 T20,Division II,,,,,,,,,
league,2026-05-31,16:00:00,Big League Arena CC Knights BLAK,Royal Knights CC Terminators RKTE,"Lyon Oaks Country Park, Wixom",2026 T20,Division II,,,,,,,,,
league,2026-05-31,16:00:00,Sixers Cricket Club SIXC,Detroit Dynos CC DDCC,"Belle Isle, Detroit",2026 T20,Division II,,,,,,,,,
league,2026-05-31,16:00:00,Hamtramck CC HTCC,Samrats Cricket Club SCC,"Lasky Recreation Center, Detroit",2026 T20,Division I,,,,,,,,,
league,2026-05-31,16:00:00,Dark Invaders CC DARI,Mid Michigan CC Heroes MMCH,Jayne Field,2026 T20,Division I,,,,,,,,,
league,2026-05-31,16:00:00,Sinha Cricket Club SNCC,Rockstars ROCK,"Bloomer Park, Rochester Hills",2026 T20,Division I,,,,,,,,,
league,2026-05-31,16:00:00,Stellar United Sporting Club SUSC,Chargers Warriors Association CHWA,"Boulan Park, Troy",2026 T20,Premier,,,,,,,,,
league,2026-05-31,14:30:00,Northville Cricket Club Risers NLCR,Novi Vikings NVVK,"Trombly Park, Warren",2026 T20,Division III,,,,,,,,,
league,2026-05-31,14:30:00,Deccan Tigers Cricket Club DTCC,Farmington Cricket Club Broncos FCCB,"Heritage Park, Canton",2026 T20,Division III,,,,,,,,,
league,2026-05-31,12:30:00,Detroit Eagles Cricket Club DEEG,MACHI CC MACH,"Belle Isle, Detroit",2026 T20,Division III,,,,,,,,,
league,2026-05-31,12:30:00,Killers Acadamy CC KLCA,South Lyon Cricket Club Avengers SLCA,"Joseph J. Delia Jr. Park, Sterling Heights",2026 T20,Division II,,,,,,,,,
league,2026-05-31,12:30:00,Detroit Super Kings CC Bulls DSKB,South Lyon Cricket Club  Legends  SLCL,Millennium Park,2026 T20,Division I,,,,,,,,,
league,2026-05-31,12:30:00,Killers CC KLCC,Motor City United CC MCUC,"Boulan Park, Troy",2026 T20,Premier,,,,,,,,,
league,2026-05-31,12:30:00,Brownstown Nirvana CC BSCC,Odia CA Crusaders ODCC,"Lyon Oaks Country Park, Wixom",2026 T20,Premier,,,,,,,,,
league,2026-05-31,12:30:00,Punjab Cricket Club PCC,Troy Cricket Super Kings TCSK,"Lasky Recreation Center, Detroit",2026 T20,Premier,,,,,,,,,
league,2026-05-31,12:30:00,Michigan Warriors MIWA,Become Better Novi Cardinals BBNC,Jayne Field,2026 T20,Premier,,,,,,,,,
league,2026-05-31,12:30:00,Detroit Royals CC DRCC,Michigan Cheetahs MICT,"Bloomer Park, Rochester Hills",2026 T20,Premier,,,,,,,,,
league,2026-05-31,11:00:00,West Michigan CC WMCC,Motown CC MOCC,Grand Rapids (Earle Brewer Park),2026 T20,Division I,,,,,,,,,
league,2026-05-31,10:30:00,The Squad Cricket Club TSXI,Troy CA Stars TCAS,"Trombly Park, Warren",2026 T20,Division II,,,,,,,,,
league,2026-05-31,10:30:00,Mavericks Cricket Club MVCC,Michigan Dreamers CC MIDS,"Heritage Park, Canton",2026 T20,Division II,,,,,,,,,
league,2026-05-31,08:45:00,Michigan Rising Stars CC MRSC,South Peninsula Cricket Association SPCA,"Belle Isle, Detroit",2026 T20,Division III,,,,,,,,,
league,2026-05-31,08:45:00,Michigan Rangers CC MIRC,Aadukalam CC Chevaliers ADCC,"Joseph J. Delia Jr. Park, Sterling Heights",2026 T20,Division II,,,,,,,,,
league,2026-05-31,08:45:00,Scorpions Cricket Club SCRP,Rebels Cricket Club RECC,Millennium Park,2026 T20,Division II,,,,,,,,,
league,2026-05-31,08:45:00,Michigan Bengals CC MBCC,Metro Detroit CC MDCC,"Lyon Oaks Country Park, Wixom",2026 T20,Division I,,,,,,,,,
league,2026-05-31,08:45:00,Macomb CC Olympians MACO,Michigan International CA Thunderbirds MICA,"Lasky Recreation Center, Detroit",2026 T20,Division I,,,,,,,,,
league,2026-05-31,08:45:00,Farmington CC Kings XI FCXI,MIGR Single Malt GRSM,Jayne Field,2026 T20,Division I,,,,,,,,,
league,2026-05-31,08:45:00,MIGR Old Monk GROM,Warren Flames Cricket Club WFCC,"Bloomer Park, Rochester Hills",2026 T20,Division I,,,,,,,,,
league,2026-06-06,14:30:00,Big League Arena CC Beasts BLAB,Royal Bengals CC RBCC,"Lyon Oaks Country Park, Wixom",2026 F40 & T30,T30,,,,,,,,,
league,2026-06-06,14:30:00,South Peninsula Cricket Association SPCA,The Squad Cricket Club TSXI,Clinton Twp,2026 F40 & T30,T30,,,,,,,,,
league,2026-06-06,14:30:00,Majestic Lions CC MLCC,Detroit Super Kings CC Bulls DSKB,"Belle Isle, Detroit",2026 F40 & T30,T30,,,,,,,,,
league,2026-06-06,10:30:00,Nirvana CC NCC,Greater Detroit CC Panthers GPAN,"Joseph J. Delia Jr. Park, Sterling Heights",2026 F40 & T30,F40,,,,,,,,,
league,2026-06-06,10:30:00,Odia CA Crusaders ODCC,Samrats Cricket Club SCC,Jayne Field,2026 F40 & T30,F40,,,,,,,,,
league,2026-06-06,10:30:00,Royal Knights CC RKCC,Macomb CC MACC,"Lasky Recreation Center, Detroit",2026 F40 & T30,F40,,,,,,,,,
league,2026-06-06,09:00:00,Farmington CC Kings XI FCXI,Michigan International CA Falcons MICF,"Lyon Oaks Country Park, Wixom",2026 F40 & T30,T30,,,,,,,,,
league,2026-06-06,09:00:00,Mavericks Cricket Club MVCC,Michigan Warriors MIWA,Clinton Twp,2026 F40 & T30,T30,,,,,,,,,
league,2026-06-06,09:00:00,Prime Strikers PRSD,Michigan Rangers CC MIRC,"Belle Isle, Detroit",2026 F40 & T30,T30,,,,,,,,,
league,2026-06-07,16:00:00,Farmington Cricket Club Broncos FCCB,Novi Vikings NVVK,Millennium Park,2026 T20,Division III,,,,,,,,,
league,2026-06-07,16:00:00,Crowned Strikers CRWN,South Peninsula Cricket Association SPCA,Jayne Field,2026 T20,Division III,,,,,,,,,
league,2026-06-07,16:00:00,Northville Cricket Club Risers NLCR,Odia CA Titans ODCT,Clinton Twp,2026 T20,Division III,,,,,,,,,
league,2026-06-07,16:00:00,The Squad Cricket Club TSXI,Sixers Cricket Club SIXC,"Joseph J. Delia Jr. Park, Sterling Heights",2026 T20,Division II,,,,,,,,,
league,2026-06-07,16:00:00,West Michigan CC WMCC,Smashers Cricket Club SHCC,"Lyon Oaks Country Park, Wixom",2026 T20,Division I,,,,,,,,,
league,2026-06-07,16:00:00,Rockstars ROCK,Hamtramck CC HTCC,"Belle Isle, Detroit",2026 T20,Division I,,,,,,,,,
league,2026-06-07,16:00:00,Brownstown Nirvana CC BSCC,Punjab Cricket Club PCC,"Boulan Park, Troy",2026 T20,Premier,,,,,,,,,
league,2026-06-07,16:00:00,Macomb CC Titans MACT,Motor City United CC MCUC,"Lasky Recreation Center, Detroit",2026 T20,Premier,,,,,,,,,
league,2026-06-07,16:00:00,Troy Cricket Super Kings TCSK,Michigan Warriors MIWA,"Bloomer Park, Rochester Hills",2026 T20,Premier,,,,,,,,,
league,2026-06-07,14:30:00,Michigan Dreamers CC MIDS,Scorpions Cricket Club SCRP,"Trombly Park, Warren",2026 T20,Division II,,,,,,,,,
league,2026-06-07,14:30:00,Odia CA Lancers ODCL,Royal Albatross Club RACC,"Murphy Park, Pontiac",2026 T20,Division II,,,,,,,,,
league,2026-06-07,14:30:00,Troy CA Stars TCAS,Oakland County CC OCCC,"Heritage Park, Canton",2026 T20,Division II,,,,,,,,,
league,2026-06-07,12:30:00,MACHI CC MACH,Sylhet Express SHEP,Clinton Twp,2026 T20,Division III,,,,,,,,,
league,2026-06-07,12:30:00,Rebels Cricket Club RECC,Majestic Lions CC MLCC,"Joseph J. Delia Jr. Park, Sterling Heights",2026 T20,Division II,,,,,,,,,
league,2026-06-07,12:30:00,Michigan Challengers MICH,Big League Arena CC Knights BLAK,Millennium Park,2026 T20,Division II,,,,,,,,,
league,2026-06-07,12:30:00,Michigan International CA Thunderbirds MICA,South Lyon Cricket Club  Legends  SLCL,"Lyon Oaks Country Park, Wixom",2026 T20,Division I,,,,,,,,,
league,2026-06-07,12:30:00,Detroit Super Kings CC Bulls DSKB,University of Toledo Rockets UTCC,"Belle Isle, Detroit",2026 T20,Division I,,,,,,,,,
league,2026-06-07,12:30:00,Become Better Novi Cardinals BBNC,Michigan Cheetahs MICT,"Boulan Park, Troy",2026 T20,Premier,,,,,,,,,
league,2026-06-07,12:30:00,Killers CC KLCC,Greater Detroit CC Panthers GPAN,"Lasky Recreation Center, Detroit",2026 T20,Premier,,,,,,,,,
league,2026-06-07,12:30:00,Detroit Royals CC DRCC,Chargers Warriors Association CHWA,Jayne Field,2026 T20,Premier,,,,,,,,,
league,2026-06-07,12:30:00,Odia CA Crusaders ODCC,Stellar United Sporting Club SUSC,"Bloomer Park, Rochester Hills",2026 T20,Premier,,,,,,,,,
league,2026-06-07,10:30:00,Farmington CC Falcons FAFL,MYCA Elite MYCA,"Trombly Park, Warren",2026 T20,Division III,,,,,,,,,
league,2026-06-07,10:30:00,Deccan Tigers Cricket Club DTCC,Farmington Stars FSCC,"Murphy Park, Pontiac",2026 T20,Division III,,,,,,,,,
league,2026-06-07,10:30:00,Michigan Bengals CC Warriors MBCW,Mavericks Cricket Club MVCC,"Heritage Park, Canton",2026 T20,Division II,,,,,,,,,
league,2026-06-07,08:45:00,Aadukalam CC Chembians ADCB,Michigan International CA Firebirds MIFB,Millennium Park,2026 T20,Division III,,,,,,,,,
league,2026-06-07,08:45:00,Royal Risers Cricket Club RRCC,Michigan Elite CC MELC,"Lasky Recreation Center, Detroit",2026 T20,Division III,,,,,,,,,
league,2026-06-07,08:45:00,Sparks CC SPCC,DETROIT ICE DICE,"Belle Isle, Detroit",2026 T20,Division III,,,,,,,,,
league,2026-06-07,08:45:00,Royal Knights CC Terminators RKTE,Lions Cricket Club LCC,"Joseph J. Delia Jr. Park, Sterling Heights",2026 T20,Division II,,,,,,,,,
league,2026-06-07,08:45:00,Detroit Dynos CC DDCC,South Lyon Cricket Club Avengers SLCA,Clinton Twp,2026 T20,Division II,,,,,,,,,
league,2026-06-07,08:45:00,Karnataka Eagles CC KECC,United CC UNCC,"Lyon Oaks Country Park, Wixom",2026 T20,Division I,,,,,,,,,
league,2026-06-07,08:45:00,Michigan Bengals CC MBCC,Northville Cricket Club NLCC,Jayne Field,2026 T20,Division I,,,,,,,,,
league,2026-06-07,08:45:00,Warren Flames Cricket Club WFCC,Metro Detroit CC MDCC,"Bloomer Park, Rochester Hills",2026 T20,Division I,,,,,,,,,
league,2026-06-13,14:30:00,United CC UNCC,Motown CC MOCC,"Joseph J. Delia Jr. Park, Sterling Heights",2026 F40 & T30,T30,,,,,,,,,
league,2026-06-13,14:30:00,Dark Invaders CC DARI,Farmington CC Kings XI FCXI,Clinton Twp,2026 F40 & T30,T30,,,,,,,,,
league,2026-06-13,14:30:00,Michigan International CA Chargers MICC,Michigan International CA Falcons MICF,"Belle Isle, Detroit",2026 F40 & T30,T30,,,,,,,,,
league,2026-06-13,09:00:00,Michigan Warriors MIWA,Big League Arena CC Beasts BLAB,"Joseph J. Delia Jr. Park, Sterling Heights",2026 F40 & T30,T30,,,,,,,,,
league,2026-06-13,09:00:00,Mavericks Cricket Club MVCC,Detroit Super Kings CC Bulls DSKB,Clinton Twp,2026 F40 & T30,T30,,,,,,,,,
league,2026-06-13,09:00:00,South Lyon Cricket Club Eagles SLCE,Royal Bengals CC RBCC,"Belle Isle, Detroit",2026 F40 & T30,T30,,,,,,,,,
league,2026-06-14,16:00:00,Sylhet Express SHEP,Aadukalam CC Chembians ADCB,"Belle Isle, Detroit",2026 T20,Division III,,,,,,,,,
league,2026-06-14,16:00:00,Royal Albatross Club RACC,Aadukalam CC Chevaliers ADCC,Clinton Twp,2026 T20,Division II,,,,,,,,,
league,2026-06-14,16:00:00,Dark Invaders CC DARI,Samrats Cricket Club SCC,"Joseph J. Delia Jr. Park, Sterling Heights",2026 T20,Division I,,,,,,,,,
league,2026-06-14,16:00:00,MIGR Single Malt GRSM,Michigan Bengals CC MBCC,Millennium Park,2026 T20,Division I,,,,,,,,,
league,2026-06-14,16:00:00,Michigan International CA Thunderbirds MICA,Detroit Super Kings CC Bulls DSKB,"Bloomer Park, Rochester Hills",2026 T20,Division I,,,,,,,,,
league,2026-06-14,14:30:00,Sixers Cricket Club SIXC,Oakland County CC OCCC,"Murphy Park, Pontiac",2026 T20,Division II,,,,,,,,,
league,2026-06-14,14:30:00,Michigan Rangers CC MIRC,Majestic Lions CC MLCC,"Heritage Park, Canton",2026 T20,Division II,,,,,,,,,
league,2026-06-14,12:30:00,The Squad Cricket Club TSXI,Lions Cricket Club LCC,Clinton Twp,2026 T20,Division II,,,,,,,,,
league,2026-06-14,12:30:00,Detroit Dragons DEDR,Odia CA Lancers ODCL,"Belle Isle, Detroit",2026 T20,Division II,,,,,,,,,
league,2026-06-14,12:30:00,Farmington CC Kings XI FCXI,Northville Cricket Club NLCC,"Joseph J. Delia Jr. Park, Sterling Heights",2026 T20,Division I,,,,,,,,,
league,2026-06-14,12:30:00,Macomb CC Olympians MACO,South Lyon Cricket Club  Legends  SLCL,Millennium Park,2026 T20,Division I,,,,,,,,,
league,2026-06-14,12:30:00,Smashers Cricket Club SHCC,United CC UNCC,"Bloomer Park, Rochester Hills",2026 T20,Division I,,,,,,,,,
league,2026-06-14,11:00:00,University of Toledo Rockets UTCC,Hamtramck CC HTCC,Winterfield Park,2026 T20,Division I,,,,,,,,,
league,2026-06-14,11:00:00,West Michigan CC WMCC,Warren Flames Cricket Club WFCC,Grand Rapids (Earle Brewer Park),2026 T20,Division I,,,,,,,,,
league,2026-06-14,10:30:00,Prime Strikers PRSD,Sparks CC SPCC,"Murphy Park, Pontiac",2026 T20,Division III,,,,,,,,,
league,2026-06-14,10:30:00,Troy CA Stars TCAS,Michigan Challengers MICH,"Heritage Park, Canton",2026 T20,Division II,,,,,,,,,
league,2026-06-14,08:45:00,Farmington CC Falcons FAFL,Farmington Stars FSCC,Clinton Twp,2026 T20,Division III,,,,,,,,,
league,2026-06-14,08:45:00,DETROIT ICE DICE,Michigan Rising Stars CC MRSC,"Belle Isle, Detroit",2026 T20,Division III,,,,,,,,,
league,2026-06-14,08:45:00,Detroit Dynos CC DDCC,Rising Stars CC RIST,"Joseph J. Delia Jr. Park, Sterling Heights",2026 T20,Division II,,,,,,,,,
league,2026-06-14,08:45:00,Michigan Bengals CC Warriors MBCW,Motor City Chargers Cricket Club MCC,Millennium Park,2026 T20,Division II,,,,,,,,,
league,2026-06-14,08:45:00,Motown CC MOCC,Karnataka Eagles CC KECC,"Bloomer Park, Rochester Hills",2026 T20,Division I,,,,,,,,,
league,2026-06-20,14:30:00,Michigan Warriors MIWA,Farmington CC Kings XI FCXI,"Joseph J. Delia Jr. Park, Sterling Heights",2026 F40 & T30,T30,,,,,,,,,
league,2026-06-20,14:30:00,Motown CC MOCC,Majestic Lions CC MLCC,"Lyon Oaks Country Park, Wixom",2026 F40 & T30,T30,,,,,,,,,
league,2026-06-20,14:30:00,South Peninsula Cricket Association SPCA,Royal Bengals CC RBCC,Clinton Twp,2026 F40 & T30,T30,,,,,,,,,
league,2026-06-20,10:30:00,Nirvana CC NCC,Samrats Cricket Club SCC,"Bloomer Park, Rochester Hills",2026 F40 & T30,F40,,,,,,,,,
league,2026-06-20,10:30:00,Odia CA Crusaders ODCC,Royal Knights CC RKCC,Jayne Field,2026 F40 & T30,F40,,,,,,,,,
league,2026-06-20,10:30:00,Greater Detroit CC Panthers GPAN,Macomb CC MACC,"Lasky Recreation Center, Detroit",2026 F40 & T30,F40,,,,,,,,,
league,2026-06-20,09:00:00,Michigan International CA Chargers MICC,Prime Strikers PRSD,"Joseph J. Delia Jr. Park, Sterling Heights",2026 F40 & T30,T30,,,,,,,,,
league,2026-06-20,09:00:00,United CC UNCC,Detroit Super Kings CC Bulls DSKB,"Lyon Oaks Country Park, Wixom",2026 F40 & T30,T30,,,,,,,,,
league,2026-06-20,09:00:00,Michigan Rangers CC MIRC,Big League Arena CC Beasts BLAB,Clinton Twp,2026 F40 & T30,T30,,,,,,,,,
league,2026-06-21,16:00:00,Farmington Stars FSCC,Michigan Elite CC MELC,Clinton Twp,2026 T20,Division III,,,,,,,,,
league,2026-06-21,16:00:00,Crowned Strikers CRWN,Michigan Rising Stars CC MRSC,"Bloomer Park, Rochester Hills",2026 T20,Division III,,,,,,,,,
league,2026-06-21,16:00:00,DETROIT ICE DICE,Sylhet Express SHEP,"Belle Isle, Detroit",2026 T20,Division III,,,,,,,,,
league,2026-06-21,16:00:00,Macomb CC Olympians MACO,Detroit Super Kings CC Bulls DSKB,"Lyon Oaks Country Park, Wixom",2026 T20,Division I,,,,,,,,,
league,2026-06-21,16:00:00,West Michigan CC WMCC,Metro Detroit CC MDCC,"Lasky Recreation Center, Detroit",2026 T20,Division I,,,,,,,,,
league,2026-06-21,16:00:00,Punjab Cricket Club PCC,Michigan Warriors MIWA,"Joseph J. Delia Jr. Park, Sterling Heights",2026 T20,Premier,,,,,,,,,
league,2026-06-21,16:00:00,Greater Detroit CC Panthers GPAN,Motor City United CC MCUC,Jayne Field,2026 T20,Premier,,,,,,,,,
league,2026-06-21,14:30:00,Oakland County CC OCCC,Big League Arena CC Knights BLAK,"Trombly Park, Warren",2026 T20,Division II,,,,,,,,,
league,2026-06-21,14:30:00,Detroit Dragons DEDR,Rebels Cricket Club RECC,"Murphy Park, Pontiac",2026 T20,Division II,,,,,,,,,
league,2026-06-21,12:30:00,Novi Vikings NVVK,Odia CA Titans ODCT,Clinton Twp,2026 T20,Division III,,,,,,,,,
league,2026-06-21,12:30:00,Farmington Cricket Club Broncos FCCB,Northville Cricket Club Risers NLCR,"Belle Isle, Detroit",2026 T20,Division III,,,,,,,,,
league,2026-06-21,12:30:00,Hamtramck CC HTCC,Dark Invaders CC DARI,"Joseph J. Delia Jr. Park, Sterling Heights",2026 T20,Division I,,,,,,,,,
league,2026-06-21,12:30:00,South Lyon Cricket Club  Legends  SLCL,Mid Michigan CC Heroes MMCH,"Lyon Oaks Country Park, Wixom",2026 T20,Division I,,,,,,,,,
league,2026-06-21,12:30:00,Michigan Cheetahs MICT,Odia CA Crusaders ODCC,"Lasky Recreation Center, Detroit",2026 T20,Premier,,,,,,,,,
league,2026-06-21,12:30:00,Detroit Royals CC DRCC,Stellar United Sporting Club SUSC,Jayne Field,2026 T20,Premier,,,,,,,,,
league,2026-06-21,12:30:00,Troy Cricket Super Kings TCSK,Become Better Novi Cardinals BBNC,"Bloomer Park, Rochester Hills",2026 T20,Premier,,,,,,,,,
league,2026-06-21,10:30:00,The Squad Cricket Club TSXI,Royal Knights CC Terminators RKTE,"Trombly Park, Warren",2026 T20,Division II,,,,,,,,,
league,2026-06-21,10:30:00,Aadukalam CC Chevaliers ADCC,Michigan Dreamers CC MIDS,"Murphy Park, Pontiac",2026 T20,Division II,,,,,,,,,
league,2026-06-21,08:45:00,Michigan International CA Firebirds MIFB,South Peninsula Cricket Association SPCA,"Belle Isle, Detroit",2026 T20,Division III,,,,,,,,,
league,2026-06-21,08:45:00,Lions Cricket Club LCC,Killers Acadamy CC KLCA,"Joseph J. Delia Jr. Park, Sterling Heights",2026 T20,Division II,,,,,,,,,
league,2026-06-21,08:45:00,South Lyon Cricket Club Avengers SLCA,Sixers Cricket Club SIXC,Jayne Field,2026 T20,Division II,,,,,,,,,
league,2026-06-21,08:45:00,Scorpions Cricket Club SCRP,Michigan Rangers CC MIRC,Clinton Twp,2026 T20,Division II,,,,,,,,,
league,2026-06-21,08:45:00,MIGR Single Malt GRSM,Motown CC MOCC,"Lyon Oaks Country Park, Wixom",2026 T20,Division I,,,,,,,,,
league,2026-06-21,08:45:00,Warren Flames Cricket Club WFCC,Smashers Cricket Club SHCC,"Lasky Recreation Center, Detroit",2026 T20,Division I,,,,,,,,,
league,2026-06-21,08:45:00,Farmington CC Kings XI FCXI,Karnataka Eagles CC KECC,"Bloomer Park, Rochester Hills",2026 T20,Division I,,,,,,,,,
league,2026-06-27,14:30:00,Detroit Super Kings CC Bulls DSKB,Prime Strikers PRSD,"Joseph J. Delia Jr. Park, Sterling Heights",2026 F40 & T30,T30,,,,,,,,,
league,2026-06-27,14:30:00,Dark Invaders CC DARI,South Lyon Cricket Club Eagles SLCE,"Lyon Oaks Country Park, Wixom",2026 F40 & T30,T30,,,,,,,,,
league,2026-06-27,14:30:00,Royal Bengals CC RBCC,United CC UNCC,Jayne Field,2026 F40 & T30,T30,,,,,,,,,
league,2026-06-27,10:30:00,Odia CA Crusaders ODCC,Greater Detroit CC Panthers GPAN,"Boulan Park, Troy",2026 F40 & T30,F40,,,,,,,,,
league,2026-06-27,10:30:00,Macomb CC MACC,Royal Knights CC RKCC,"Lasky Recreation Center, Detroit",2026 F40 & T30,F40,,,,,,,,,
league,2026-06-27,09:00:00,Michigan Rangers CC MIRC,South Peninsula Cricket Association SPCA,"Joseph J. Delia Jr. Park, Sterling Heights",2026 F40 & T30,T30,,,,,,,,,
league,2026-06-27,09:00:00,Michigan International CA Falcons MICF,Motown CC MOCC,"Lyon Oaks Country Park, Wixom",2026 F40 & T30,T30,,,,,,,,,
league,2026-06-27,09:00:00,Majestic Lions CC MLCC,Mavericks Cricket Club MVCC,Jayne Field,2026 F40 & T30,T30,,,,,,,,,
league,2026-06-28,16:00:00,Sylhet Express SHEP,Crowned Strikers CRWN,Millennium Park,2026 T20,Division III,,,,,,,,,
league,2026-06-28,16:00:00,Farmington Cricket Club Broncos FCCB,Odia CA Titans ODCT,"Lyon Oaks Country Park, Wixom",2026 T20,Division III,,,,,,,,,
league,2026-06-28,16:00:00,Michigan Elite CC MELC,Deccan Tigers Cricket Club DTCC,Clinton Twp,2026 T20,Division III,,,,,,,,,
league,2026-06-28,16:00:00,Royal Albatross Club RACC,Scorpions Cricket Club SCRP,"Joseph J. Delia Jr. Park, Sterling Heights",2026 T20,Division II,,,,,,,,,
league,2026-06-28,16:00:00,Motor City Chargers Cricket Club MCC,Michigan Rangers CC MIRC,"Belle Isle, Detroit",2026 T20,Division II,,,,,,,,,
league,2026-06-28,16:00:00,Samrats Cricket Club SCC,Sinha Cricket Club SNCC,"Lasky Recreation Center, Detroit",2026 T20,Division I,,,,,,,,,
league,2026-06-28,16:00:00,Dark Invaders CC DARI,South Lyon Cricket Club  Legends  SLCL,"Bloomer Park, Rochester Hills",2026 T20,Division I,,,,,,,,,
league,2026-06-28,16:00:00,Odia CA Crusaders ODCC,Detroit Royals CC DRCC,"Boulan Park, Troy",2026 T20,Premier,,,,,,,,,
league,2026-06-28,16:00:00,Michigan Cheetahs MICT,Killers CC KLCC,Jayne Field,2026 T20,Premier,,,,,,,,,
league,2026-06-28,14:30:00,Michigan Rising Stars CC MRSC,Sparks CC SPCC,"Heritage Park, Canton",2026 T20,Division III,,,,,,,,,
league,2026-06-28,14:30:00,Sixers Cricket Club SIXC,Michigan Challengers MICH,"Murphy Park, Pontiac",2026 T20,Division II,,,,,,,,,
league,2026-06-28,12:30:00,MACHI CC MACH,South Peninsula Cricket Association SPCA,Clinton Twp,2026 T20,Division III,,,,,,,,,
league,2026-06-28,12:30:00,Farmington Stars FSCC,Royal Risers Cricket Club RRCC,"Belle Isle, Detroit",2026 T20,Division III,,,,,,,,,
league,2026-06-28,12:30:00,Oakland County CC OCCC,Killers Acadamy CC KLCA,"Joseph J. Delia Jr. Park, Sterling Heights",2026 T20,Division II,,,,,,,,,
league,2026-06-28,12:30:00,MIGR Single Malt GRSM,MIGR Old Monk GROM,Millennium Park,2026 T20,Division I,,,,,,,,,
league,2026-06-28,12:30:00,Mid Michigan CC Heroes MMCH,Detroit Super Kings CC Bulls DSKB,"Lyon Oaks Country Park, Wixom",2026 T20,Division I,,,,,,,,,
league,2026-06-28,12:30:00,Michigan Bengals CC MBCC,Warren Flames Cricket Club WFCC,"Bloomer Park, Rochester Hills",2026 T20,Division I,,,,,,,,,
league,2026-06-28,12:30:00,Macomb CC Titans MACT,Troy Cricket Super Kings TCSK,"Boulan Park, Troy",2026 T20,Premier,,,,,,,,,
league,2026-06-28,12:30:00,Motor City United CC MCUC,Brownstown Nirvana CC BSCC,"Lasky Recreation Center, Detroit",2026 T20,Premier,,,,,,,,,
league,2026-06-28,12:30:00,Michigan Warriors MIWA,Chargers Warriors Association CHWA,Jayne Field,2026 T20,Premier,,,,,,,,,
league,2026-06-28,11:00:00,University of Toledo Rockets UTCC,Michigan International CA Thunderbirds MICA,Winterfield Park,2026 T20,Division I,,,,,,,,,
league,2026-06-28,10:30:00,MYCA Elite MYCA,Novi Vikings NVVK,"Heritage Park, Canton",2026 T20,Division III,,,,,,,,,
league,2026-06-28,10:30:00,Lions Cricket Club LCC,South Lyon Cricket Club Avengers SLCA,"Murphy Park, Pontiac",2026 T20,Division II,,,,,,,,,
league,2026-06-28,08:45:00,Farmington CC Falcons FAFL,Northville Cricket Club Risers NLCR,Millennium Park,2026 T20,Division III,,,,,,,,,
league,2026-06-28,08:45:00,Detroit Eagles Cricket Club DEEG,Prime Strikers PRSD,"Lasky Recreation Center, Detroit",2026 T20,Division III,,,,,,,,,
league,2026-06-28,08:45:00,Rising Stars CC RIST,Big League Arena CC Knights BLAK,"Joseph J. Delia Jr. Park, Sterling Heights",2026 T20,Division II,,,,,,,,,
league,2026-06-28,08:45:00,Odia CA Lancers ODCL,Rebels Cricket Club RECC,Jayne Field,2026 T20,Division II,,,,,,,,,
league,2026-06-28,08:45:00,United CC UNCC,Northville Cricket Club NLCC,"Lyon Oaks Country Park, Wixom",2026 T20,Division I,,,,,,,,,
league,2026-06-28,08:45:00,Farmington CC Kings XI FCXI,Motown CC MOCC,"Bloomer Park, Rochester Hills",2026 T20,Division I,,,,,,,,,
league,2026-07-05,16:00:00,MYCA Elite MYCA,Odia CA Titans ODCT,"Joseph J. Delia Jr. Park, Sterling Heights",2026 T20,Division III,,,,,,,,,
league,2026-07-05,16:00:00,Rising Stars CC RIST,Sixers Cricket Club SIXC,"Lyon Oaks Country Park, Wixom",2026 T20,Division II,,,,,,,,,
league,2026-07-05,16:00:00,Samrats Cricket Club SCC,Michigan International CA Thunderbirds MICA,Millennium Park,2026 T20,Division I,,,,,,,,,
league,2026-07-05,16:00:00,Rockstars ROCK,Macomb CC Olympians MACO,Jayne Field,2026 T20,Division I,,,,,,,,,
league,2026-07-05,12:30:00,Novi Vikings NVVK,Deccan Tigers Cricket Club DTCC,Millennium Park,2026 T20,Division III,,,,,,,,,
league,2026-07-05,12:30:00,Farmington Stars FSCC,Northville Cricket Club Risers NLCR,Jayne Field,2026 T20,Division III,,,,,,,,,
league,2026-07-05,12:30:00,Majestic Lions CC MLCC,Michigan Bengals CC Warriors MBCW,"Joseph J. Delia Jr. Park, Sterling Heights",2026 T20,Division II,,,,,,,,,
league,2026-07-05,12:30:00,Troy CA Stars TCAS,Lions Cricket Club LCC,"Lyon Oaks Country Park, Wixom",2026 T20,Division II,,,,,,,,,
league,2026-07-05,08:45:00,Royal Risers Cricket Club RRCC,Farmington CC Falcons FAFL,Millennium Park,2026 T20,Division III,,,,,,,,,
league,2026-07-05,08:45:00,MACHI CC MACH,Prime Strikers PRSD,Jayne Field,2026 T20,Division III,,,,,,,,,
league,2026-07-05,08:45:00,MIGR Single Malt GRSM,Northville Cricket Club NLCC,"Joseph J. Delia Jr. Park, Sterling Heights",2026 T20,Division I,,,,,,,,,
league,2026-07-05,08:45:00,Dark Invaders CC DARI,Detroit Challengers CC DCCC,"Lyon Oaks Country Park, Wixom",2026 T20,Division I,,,,,,,,,
league,2026-07-11,14:30:00,The Squad Cricket Club TSXI,Mavericks Cricket Club MVCC,"Joseph J. Delia Jr. Park, Sterling Heights",2026 F40 & T30,T30,,,,,,,,,
league,2026-07-11,14:30:00,Detroit Super Kings CC Bulls DSKB,South Peninsula Cricket Association SPCA,"Lyon Oaks Country Park, Wixom",2026 F40 & T30,T30,,,,,,,,,
league,2026-07-11,14:30:00,Farmington CC Kings XI FCXI,Michigan International CA Chargers MICC,Clinton Twp,2026 F40 & T30,T30,,,,,,,,,
league,2026-07-11,10:30:00,Samrats Cricket Club SCC,Macomb CC MACC,"Boulan Park, Troy",2026 F40 & T30,F40,,,,,,,,,
league,2026-07-11,10:30:00,Odia CA Crusaders ODCC,Nirvana CC NCC,Jayne Field,2026 F40 & T30,F40,,,,,,,,,
league,2026-07-11,10:30:00,Royal Knights CC RKCC,Greater Detroit CC Panthers GPAN,"Lasky Recreation Center, Detroit",2026 F40 & T30,F40,,,,,,,,,
league,2026-07-11,09:00:00,Michigan Rangers CC MIRC,Michigan International CA Falcons MICF,"Joseph J. Delia Jr. Park, Sterling Heights",2026 F40 & T30,T30,,,,,,,,,
league,2026-07-11,09:00:00,Motown CC MOCC,Prime Strikers PRSD,"Lyon Oaks Country Park, Wixom",2026 F40 & T30,T30,,,,,,,,,
league,2026-07-11,09:00:00,Big League Arena CC Beasts BLAB,Dark Invaders CC DARI,Clinton Twp,2026 F40 & T30,T30,,,,,,,,,
league,2026-07-12,16:00:00,Northville Cricket Club Risers NLCR,Royal Risers Cricket Club RRCC,Millennium Park,2026 T20,Division III,,,,,,,,,
league,2026-07-12,16:00:00,Sylhet Express SHEP,Detroit Eagles Cricket Club DEEG,Jayne Field,2026 T20,Division III,,,,,,,,,
league,2026-07-12,16:00:00,Farmington Cricket Club Broncos FCCB,MYCA Elite MYCA,Clinton Twp,2026 T20,Division III,,,,,,,,,
league,2026-07-12,16:00:00,Rebels Cricket Club RECC,Royal Albatross Club RACC,"Joseph J. Delia Jr. Park, Sterling Heights",2026 T20,Division II,,,,,,,,,
league,2026-07-12,16:00:00,Detroit Dragons DEDR,Mavericks Cricket Club MVCC,"Belle Isle, Detroit",2026 T20,Division II,,,,,,,,,
league,2026-07-12,16:00:00,Mid Michigan CC Heroes MMCH,Rockstars ROCK,"Lasky Recreation Center, Detroit",2026 T20,Division I,,,,,,,,,
league,2026-07-12,16:00:00,Killers CC KLCC,Troy Cricket Super Kings TCSK,"Boulan Park, Troy",2026 T20,Premier,,,,,,,,,
league,2026-07-12,16:00:00,Become Better Novi Cardinals BBNC,Punjab Cricket Club PCC,"Lyon Oaks Country Park, Wixom",2026 T20,Premier,,,,,,,,,
league,2026-07-12,16:00:00,Michigan Warriors MIWA,Stellar United Sporting Club SUSC,"Bloomer Park, Rochester Hills",2026 T20,Premier,,,,,,,,,
league,2026-07-12,14:30:00,Odia CA Titans ODCT,Deccan Tigers Cricket Club DTCC,"Heritage Park, Canton",2026 T20,Division III,,,,,,,,,
league,2026-07-12,14:30:00,Michigan Bengals CC Warriors MBCW,Odia CA Lancers ODCL,"Trombly Park, Warren",2026 T20,Division II,,,,,,,,,
league,2026-07-12,14:30:00,Rising Stars CC RIST,Troy CA Stars TCAS,"Murphy Park, Pontiac",2026 T20,Division II,,,,,,,,,
league,2026-07-12,12:30:00,Farmington CC Falcons FAFL,Michigan Elite CC MELC,Millennium Park,2026 T20,Division III,,,,,,,,,
league,2026-07-12,12:30:00,Crowned Strikers CRWN,MACHI CC MACH,Clinton Twp,2026 T20,Division III,,,,,,,,,
league,2026-07-12,12:30:00,Detroit Dynos CC DDCC,The Squad Cricket Club TSXI,"Joseph J. Delia Jr. Park, Sterling Heights",2026 T20,Division II,,,,,,,,,
league,2026-07-12,12:30:00,South Lyon Cricket Club Avengers SLCA,Royal Knights CC Terminators RKTE,"Belle Isle, Detroit",2026 T20,Division II,,,,,,,,,
league,2026-07-12,12:30:00,University of Toledo Rockets UTCC,Dark Invaders CC DARI,"Lasky Recreation Center, Detroit",2026 T20,Division I,,,,,,,,,
league,2026-07-12,12:30:00,Smashers Cricket Club SHCC,Michigan Bengals CC MBCC,Jayne Field,2026 T20,Division I,,,,,,,,,
league,2026-07-12,12:30:00,Odia CA Crusaders ODCC,Greater Detroit CC Panthers GPAN,"Boulan Park, Troy",2026 T20,Premier,,,,,,,,,
league,2026-07-12,12:30:00,Brownstown Nirvana CC BSCC,Detroit Royals CC DRCC,"Lyon Oaks Country Park, Wixom",2026 T20,Premier,,,,,,,,,
league,2026-07-12,12:30:00,Chargers Warriors Association CHWA,Macomb CC Titans MACT,"Bloomer Park, Rochester Hills",2026 T20,Premier,,,,,,,,,
league,2026-07-12,11:00:00,West Michigan CC WMCC,Karnataka Eagles CC KECC,Grand Rapids (Earle Brewer Park),2026 T20,Division I,,,,,,,,,
league,2026-07-12,10:30:00,Prime Strikers PRSD,Aadukalam CC Chembians ADCB,"Heritage Park, Canton",2026 T20,Division III,,,,,,,,,
league,2026-07-12,10:30:00,Aadukalam CC Chevaliers ADCC,Majestic Lions CC MLCC,"Trombly Park, Warren",2026 T20,Division II,,,,,,,,,
league,2026-07-12,10:30:00,Killers Acadamy CC KLCA,Big League Arena CC Knights BLAK,"Murphy Park, Pontiac",2026 T20,Division II,,,,,,,,,
league,2026-07-12,08:45:00,DETROIT ICE DICE,Michigan International CA Firebirds MIFB,Clinton Twp,2026 T20,Division III,,,,,,,,,
league,2026-07-12,08:45:00,Novi Vikings NVVK,Farmington Stars FSCC,"Belle Isle, Detroit",2026 T20,Division III,,,,,,,,,
league,2026-07-12,08:45:00,Michigan Rangers CC MIRC,Michigan Dreamers CC MIDS,"Joseph J. Delia Jr. Park, Sterling Heights",2026 T20,Division II,,,,,,,,,
league,2026-07-12,08:45:00,MIGR Old Monk GROM,Farmington CC Kings XI FCXI,Millennium Park,2026 T20,Division I,,,,,,,,,
league,2026-07-12,08:45:00,Detroit Challengers CC DCCC,Sinha Cricket Club SNCC,"Lyon Oaks Country Park, Wixom",2026 T20,Division I,,,,,,,,,
league,2026-07-12,08:45:00,Northville Cricket Club NLCC,Warren Flames Cricket Club WFCC,"Lasky Recreation Center, Detroit",2026 T20,Division I,,,,,,,,,
league,2026-07-12,08:45:00,South Lyon Cricket Club  Legends  SLCL,Hamtramck CC HTCC,Jayne Field,2026 T20,Division I,,,,,,,,,
league,2026-07-12,08:45:00,Metro Detroit CC MDCC,United CC UNCC,"Bloomer Park, Rochester Hills",2026 T20,Division I,,,,,,,,,
league,2026-07-18,14:30:00,Majestic Lions CC MLCC,Dark Invaders CC DARI,"Joseph J. Delia Jr. Park, Sterling Heights",2026 F40 & T30,T30,,,,,,,,,
league,2026-07-18,14:30:00,South Lyon Cricket Club Eagles SLCE,Michigan International CA Chargers MICC,"Lyon Oaks Country Park, Wixom",2026 F40 & T30,T30,,,,,,,,,
league,2026-07-18,14:30:00,United CC UNCC,Michigan Warriors MIWA,Clinton Twp,2026 F40 & T30,T30,,,,,,,,,
league,2026-07-18,09:00:00,Motown CC MOCC,South Peninsula Cricket Association SPCA,"Joseph J. Delia Jr. Park, Sterling Heights",2026 F40 & T30,T30,,,,,,,,,
league,2026-07-18,09:00:00,Royal Bengals CC RBCC,Mavericks Cricket Club MVCC,"Lyon Oaks Country Park, Wixom",2026 F40 & T30,T30,,,,,,,,,
league,2026-07-18,09:00:00,Michigan International CA Falcons MICF,The Squad Cricket Club TSXI,Clinton Twp,2026 F40 & T30,T30,,,,,,,,,
league,2026-07-19,16:00:00,Northville Cricket Club Risers NLCR,Deccan Tigers Cricket Club DTCC,Clinton Twp,2026 T20,Division III,,,,,,,,,
league,2026-07-19,16:00:00,MACHI CC MACH,Sparks CC SPCC,"Belle Isle, Detroit",2026 T20,Division III,,,,,,,,,
league,2026-07-19,16:00:00,Lions Cricket Club LCC,Sixers Cricket Club SIXC,Millennium Park,2026 T20,Division II,,,,,,,,,
league,2026-07-19,16:00:00,United CC UNCC,Farmington CC Kings XI FCXI,"Joseph J. Delia Jr. Park, Sterling Heights",2026 T20,Division I,,,,,,,,,
league,2026-07-19,16:00:00,MIGR Old Monk GROM,Northville Cricket Club NLCC,"Lyon Oaks Country Park, Wixom",2026 T20,Division I,,,,,,,,,
league,2026-07-19,16:00:00,Michigan Bengals CC MBCC,West Michigan CC WMCC,"Bloomer Park, Rochester Hills",2026 T20,Division I,,,,,,,,,
league,2026-07-19,14:30:00,Odia CA Lancers ODCL,Majestic Lions CC MLCC,"Murphy Park, Pontiac",2026 T20,Division II,,,,,,,,,
league,2026-07-19,14:30:00,South Lyon Cricket Club Avengers SLCA,Troy CA Stars TCAS,"Heritage Park, Canton",2026 T20,Division II,,,,,,,,,
league,2026-07-19,12:30:00,DETROIT ICE DICE,Prime Strikers PRSD,"Bloomer Park, Rochester Hills",2026 T20,Division III,,,,,,,,,
league,2026-07-19,12:30:00,Detroit Dragons DEDR,Michigan Rangers CC MIRC,Millennium Park,2026 T20,Division II,,,,,,,,,
league,2026-07-19,12:30:00,Michigan Dreamers CC MIDS,Royal Albatross Club RACC,Clinton Twp,2026 T20,Division II,,,,,,,,,
league,2026-07-19,12:30:00,Mid Michigan CC Heroes MMCH,Macomb CC Olympians MACO,"Joseph J. Delia Jr. Park, Sterling Heights",2026 T20,Division I,,,,,,,,,
league,2026-07-19,12:30:00,Warren Flames Cricket Club WFCC,MIGR Single Malt GRSM,"Lyon Oaks Country Park, Wixom",2026 T20,Division I,,,,,,,,,
league,2026-07-19,12:30:00,Karnataka Eagles CC KECC,Smashers Cricket Club SHCC,"Belle Isle, Detroit",2026 T20,Division I,,,,,,,,,
league,2026-07-19,11:00:00,University of Toledo Rockets UTCC,Sinha Cricket Club SNCC,Winterfield Park,2026 T20,Division I,,,,,,,,,
league,2026-07-19,10:30:00,MYCA Elite MYCA,Royal Risers Cricket Club RRCC,"Trombly Park, Warren",2026 T20,Division III,,,,,,,,,
league,2026-07-19,10:30:00,Aadukalam CC Chembians ADCB,South Peninsula Cricket Association SPCA,"Murphy Park, Pontiac",2026 T20,Division III,,,,,,,,,
league,2026-07-19,10:30:00,Motor City Chargers Cricket Club MCC,Aadukalam CC Chevaliers ADCC,"Heritage Park, Canton",2026 T20,Division II,,,,,,,,,
league,2026-07-19,08:45:00,Royal Knights CC Terminators RKTE,Rising Stars CC RIST,Millennium Park,2026 T20,Division II,,,,,,,,,
league,2026-07-19,08:45:00,Michigan Bengals CC Warriors MBCW,Scorpions Cricket Club SCRP,Clinton Twp,2026 T20,Division II,,,,,,,,,
league,2026-07-19,08:45:00,Rockstars ROCK,Samrats Cricket Club SCC,"Joseph J. Delia Jr. Park, Sterling Heights",2026 T20,Division I,,,,,,,,,
league,2026-07-19,08:45:00,Michigan International CA Thunderbirds MICA,Dark Invaders CC DARI,"Lyon Oaks Country Park, Wixom",2026 T20,Division I,,,,,,,,,
league,2026-07-19,08:45:00,Motown CC MOCC,Metro Detroit CC MDCC,"Bloomer Park, Rochester Hills",2026 T20,Division I,,,,,,,,,
league,2026-07-19,08:45:00,Detroit Challengers CC DCCC,Hamtramck CC HTCC,"Belle Isle, Detroit",2026 T20,Division I,,,,,,,,,
league,2026-07-25,14:30:00,The Squad Cricket Club TSXI,South Lyon Cricket Club Eagles SLCE,"Joseph J. Delia Jr. Park, Sterling Heights",2026 F40 & T30,T30,,,,,,,,,
league,2026-07-25,14:30:00,Majestic Lions CC MLCC,Michigan Rangers CC MIRC,"Lyon Oaks Country Park, Wixom",2026 F40 & T30,T30,,,,,,,,,
league,2026-07-25,14:30:00,Prime Strikers PRSD,Dark Invaders CC DARI,Jayne Field,2026 F40 & T30,T30,,,,,,,,,
league,2026-07-25,14:30:00,Big League Arena CC Beasts BLAB,Michigan International CA Chargers MICC,"Bloomer Park, Rochester Hills",2026 F40 & T30,T30,,,,,,,,,
league,2026-07-25,10:30:00,Royal Knights CC RKCC,Nirvana CC NCC,"Boulan Park, Troy",2026 F40 & T30,F40,,,,,,,,,
league,2026-07-25,10:30:00,Greater Detroit CC Panthers GPAN,Samrats Cricket Club SCC,"Lasky Recreation Center, Detroit",2026 F40 & T30,F40,,,,,,,,,
league,2026-07-25,09:00:00,Motown CC MOCC,Mavericks Cricket Club MVCC,"Joseph J. Delia Jr. Park, Sterling Heights",2026 F40 & T30,T30,,,,,,,,,
league,2026-07-25,09:00:00,Farmington CC Kings XI FCXI,Detroit Super Kings CC Bulls DSKB,"Lyon Oaks Country Park, Wixom",2026 F40 & T30,T30,,,,,,,,,
league,2026-07-25,09:00:00,Michigan Warriors MIWA,South Peninsula Cricket Association SPCA,Jayne Field,2026 F40 & T30,T30,,,,,,,,,
league,2026-07-25,09:00:00,Michigan International CA Falcons MICF,Royal Bengals CC RBCC,"Bloomer Park, Rochester Hills",2026 F40 & T30,T30,,,,,,,,,
league,2026-07-26,16:00:00,Michigan Elite CC MELC,Novi Vikings NVVK,Millennium Park,2026 T20,Division III,,,,,,,,,
league,2026-07-26,16:00:00,Farmington CC Falcons FAFL,Farmington Cricket Club Broncos FCCB,Clinton Twp,2026 T20,Division III,,,,,,,,,
league,2026-07-26,16:00:00,Sparks CC SPCC,Detroit Eagles Cricket Club DEEG,"Belle Isle, Detroit",2026 T20,Division III,,,,,,,,,
league,2026-07-26,16:00:00,Samrats Cricket Club SCC,Macomb CC Olympians MACO,Jayne Field,2026 T20,Division I,,,,,,,,,
league,2026-07-26,16:00:00,Chargers Warriors Association CHWA,Brownstown Nirvana CC BSCC,"Boulan Park, Troy",2026 T20,Premier,,,,,,,,,
league,2026-07-26,16:00:00,Macomb CC Titans MACT,Killers CC KLCC,"Joseph J. Delia Jr. Park, Sterling Heights",2026 T20,Premier,,,,,,,,,
league,2026-07-26,16:00:00,Troy Cricket Super Kings TCSK,Stellar United Sporting Club SUSC,"Lyon Oaks Country Park, Wixom",2026 T20,Premier,,,,,,,,,
league,2026-07-26,16:00:00,Punjab Cricket Club PCC,Detroit Royals CC DRCC,"Lasky Recreation Center, Detroit",2026 T20,Premier,,,,,,,,,
league,2026-07-26,16:00:00,Michigan Cheetahs MICT,Greater Detroit CC Panthers GPAN,"Bloomer Park, Rochester Hills",2026 T20,Premier,,,,,,,,,
league,2026-07-26,14:30:00,Michigan Challengers MICH,South Lyon Cricket Club Avengers SLCA,"Trombly Park, Warren",2026 T20,Division II,,,,,,,,,
league,2026-07-26,14:30:00,Lions Cricket Club LCC,Rising Stars CC RIST,"Murphy Park, Pontiac",2026 T20,Division II,,,,,,,,,
league,2026-07-26,14:30:00,Detroit Dragons DEDR,Scorpions Cricket Club SCRP,"Heritage Park, Canton",2026 T20,Division II,,,,,,,,,
league,2026-07-26,12:30:00,South Peninsula Cricket Association SPCA,DETROIT ICE DICE,Millennium Park,2026 T20,Division III,,,,,,,,,
league,2026-07-26,12:30:00,Odia CA Titans ODCT,Royal Risers Cricket Club RRCC,Clinton Twp,2026 T20,Division III,,,,,,,,,
league,2026-07-26,12:30:00,Michigan Rising Stars CC MRSC,Aadukalam CC Chembians ADCB,"Belle Isle, Detroit",2026 T20,Division III,,,,,,,,,
league,2026-07-26,12:30:00,Motor City Chargers Cricket Club MCC,Odia CA Lancers ODCL,"Joseph J. Delia Jr. Park, Sterling Heights",2026 T20,Division II,,,,,,,,,
league,2026-07-26,12:30:00,MIGR Single Malt GRSM,West Michigan CC WMCC,"Lyon Oaks Country Park, Wixom",2026 T20,Division I,,,,,,,,,
league,2026-07-26,12:30:00,South Lyon Cricket Club  Legends  SLCL,Detroit Challengers CC DCCC,Jayne Field,2026 T20,Division I,,,,,,,,,
league,2026-07-26,12:30:00,Mid Michigan CC Heroes MMCH,Michigan International CA Thunderbirds MICA,"Bloomer Park, Rochester Hills",2026 T20,Division I,,,,,,,,,
league,2026-07-26,12:30:00,Motor City United CC MCUC,Become Better Novi Cardinals BBNC,"Boulan Park, Troy",2026 T20,Premier,,,,,,,,,
league,2026-07-26,12:30:00,Odia CA Crusaders ODCC,Michigan Warriors MIWA,"Lasky Recreation Center, Detroit",2026 T20,Premier,,,,,,,,,
league,2026-07-26,10:30:00,Rebels Cricket Club RECC,Michigan Bengals CC Warriors MBCW,"Trombly Park, Warren",2026 T20,Division II,,,,,,,,,
league,2026-07-26,10:30:00,Mavericks Cricket Club MVCC,Michigan Rangers CC MIRC,"Murphy Park, Pontiac",2026 T20,Division II,,,,,,,,,
league,2026-07-26,10:30:00,Oakland County CC OCCC,The Squad Cricket Club TSXI,"Heritage Park, Canton",2026 T20,Division II,,,,,,,,,
league,2026-07-26,08:45:00,Michigan International CA Firebirds MIFB,Crowned Strikers CRWN,Millennium Park,2026 T20,Division III,,,,,,,,,
league,2026-07-26,08:45:00,Deccan Tigers Cricket Club DTCC,MYCA Elite MYCA,"Belle Isle, Detroit",2026 T20,Division III,,,,,,,,,
league,2026-07-26,08:45:00,Big League Arena CC Knights BLAK,Troy CA Stars TCAS,"Joseph J. Delia Jr. Park, Sterling Heights",2026 T20,Division II,,,,,,,,,
league,2026-07-26,08:45:00,Sixers Cricket Club SIXC,Royal Knights CC Terminators RKTE,Clinton Twp,2026 T20,Division II,,,,,,,,,
league,2026-07-26,08:45:00,MIGR Old Monk GROM,Motown CC MOCC,"Lyon Oaks Country Park, Wixom",2026 T20,Division I,,,,,,,,,
league,2026-07-26,08:45:00,Northville Cricket Club NLCC,Metro Detroit CC MDCC,"Lasky Recreation Center, Detroit",2026 T20,Division I,,,,,,,,,
league,2026-07-26,08:45:00,Warren Flames Cricket Club WFCC,United CC UNCC,Jayne Field,2026 T20,Division I,,,,,,,,,
league,2026-07-26,08:45:00,Hamtramck CC HTCC,Sinha Cricket Club SNCC,"Bloomer Park, Rochester Hills",2026 T20,Division I,,,,,,,,,
league,2026-08-01,14:30:00,Royal Bengals CC RBCC,Majestic Lions CC MLCC,"Joseph J. Delia Jr. Park, Sterling Heights",2026 F40 & T30,T30,,,,,,,,,
league,2026-08-01,14:30:00,Dark Invaders CC DARI,United CC UNCC,"Lyon Oaks Country Park, Wixom",2026 F40 & T30,T30,,,,,,,,,
league,2026-08-01,10:30:00,Nirvana CC NCC,Macomb CC MACC,Jayne Field,2026 F40 & T30,F40,,,,,,,,,
league,2026-08-01,10:30:00,Samrats Cricket Club SCC,Odia CA Crusaders ODCC,"Lasky Recreation Center, Detroit",2026 F40 & T30,F40,,,,,,,,,
league,2026-08-01,09:00:00,Detroit Super Kings CC Bulls DSKB,South Lyon Cricket Club Eagles SLCE,"Joseph J. Delia Jr. Park, Sterling Heights",2026 F40 & T30,T30,,,,,,,,,
league,2026-08-01,09:00:00,South Peninsula Cricket Association SPCA,Prime Strikers PRSD,"Lyon Oaks Country Park, Wixom",2026 F40 & T30,T30,,,,,,,,,
league,2026-08-02,16:00:00,Aadukalam CC Chevaliers ADCC,Rebels Cricket Club RECC,Clinton Twp,2026 T20,Division II,,,,,,,,,
league,2026-08-02,16:00:00,Michigan Dreamers CC MIDS,Motor City Chargers Cricket Club MCC,"Belle Isle, Detroit",2026 T20,Division II,,,,,,,,,
league,2026-08-02,16:00:00,Odia CA Crusaders ODCC,Killers CC KLCC,"Joseph J. Delia Jr. Park, Sterling Heights",2026 T20,Premier,,,,,,,,,
league,2026-08-02,16:00:00,Chargers Warriors Association CHWA,Punjab Cricket Club PCC,"Lyon Oaks Country Park, Wixom",2026 T20,Premier,,,,,,,,,
league,2026-08-02,16:00:00,Greater Detroit CC Panthers GPAN,Become Better Novi Cardinals BBNC,"Lasky Recreation Center, Detroit",2026 T20,Premier,,,,,,,,,
league,2026-08-02,16:00:00,Brownstown Nirvana CC BSCC,Macomb CC Titans MACT,Jayne Field,2026 T20,Premier,,,,,,,,,
league,2026-08-02,14:30:00,South Peninsula Cricket Association SPCA,Detroit Eagles Cricket Club DEEG,"Trombly Park, Warren",2026 T20,Division III,,,,,,,,,
league,2026-08-02,12:30:00,Royal Knights CC Terminators RKTE,Killers Acadamy CC KLCA,"Belle Isle, Detroit",2026 T20,Division II,,,,,,,,,
league,2026-08-02,12:30:00,Samrats Cricket Club SCC,Mid Michigan CC Heroes MMCH,"Joseph J. Delia Jr. Park, Sterling Heights",2026 T20,Division I,,,,,,,,,
league,2026-08-02,12:30:00,Metro Detroit CC MDCC,MIGR Single Malt GRSM,"Lasky Recreation Center, Detroit",2026 T20,Division I,,,,,,,,,
league,2026-08-02,12:30:00,United CC UNCC,Michigan Bengals CC MBCC,Clinton Twp,2026 T20,Division I,,,,,,,,,
league,2026-08-02,12:30:00,Stellar United Sporting Club SUSC,Michigan Cheetahs MICT,"Lyon Oaks Country Park, Wixom",2026 T20,Premier,,,,,,,,,
league,2026-08-02,12:30:00,Troy Cricket Super Kings TCSK,Motor City United CC MCUC,Jayne Field,2026 T20,Premier,,,,,,,,,
league,2026-08-02,10:30:00,Lions Cricket Club LCC,Detroit Dynos CC DDCC,"Trombly Park, Warren",2026 T20,Division II,,,,,,,,,
league,2026-08-02,08:45:00,The Squad Cricket Club TSXI,Michigan Challengers MICH,"Belle Isle, Detroit",2026 T20,Division II,,,,,,,,,
league,2026-08-02,08:45:00,Karnataka Eagles CC KECC,MIGR Old Monk GROM,"Joseph J. Delia Jr. Park, Sterling Heights",2026 T20,Division I,,,,,,,,,
league,2026-08-02,08:45:00,Macomb CC Olympians MACO,Sinha Cricket Club SNCC,"Lyon Oaks Country Park, Wixom",2026 T20,Division I,,,,,,,,,
league,2026-08-02,08:45:00,Detroit Challengers CC DCCC,Michigan International CA Thunderbirds MICA,"Lasky Recreation Center, Detroit",2026 T20,Division I,,,,,,,,,
league,2026-08-02,08:45:00,Rockstars ROCK,University of Toledo Rockets UTCC,Jayne Field,2026 T20,Division I,,,,,,,,,
league,2026-08-02,08:45:00,Smashers Cricket Club SHCC,Farmington CC Kings XI FCXI,Clinton Twp,2026 T20,Division I,,,,,,,,,
league,2026-08-09,16:00:00,Farmington Stars FSCC,MYCA Elite MYCA,Millennium Park,2026 T20,Division III,,,,,,,,,
league,2026-08-09,16:00:00,Michigan Rising Stars CC MRSC,Sylhet Express SHEP,Clinton Twp,2026 T20,Division III,,,,,,,,,
league,2026-08-09,16:00:00,Odia CA Titans ODCT,Farmington CC Falcons FAFL,"Belle Isle, Detroit",2026 T20,Division III,,,,,,,,,
league,2026-08-09,16:00:00,Royal Knights CC Terminators RKTE,Michigan Challengers MICH,"Joseph J. Delia Jr. Park, Sterling Heights",2026 T20,Division II,,,,,,,,,
league,2026-08-09,16:00:00,Sinha Cricket Club SNCC,Dark Invaders CC DARI,"Lyon Oaks Country Park, Wixom",2026 T20,Division I,,,,,,,,,
league,2026-08-09,16:00:00,Rockstars ROCK,Detroit Challengers CC DCCC,Jayne Field,2026 T20,Division I,,,,,,,,,
league,2026-08-09,16:00:00,Stellar United Sporting Club SUSC,Brownstown Nirvana CC BSCC,"Lasky Recreation Center, Detroit",2026 T20,Premier,,,,,,,,,
league,2026-08-09,16:00:00,Become Better Novi Cardinals BBNC,Killers CC KLCC,"Bloomer Park, Rochester Hills",2026 T20,Premier,,,,,,,,,
league,2026-08-09,14:30:00,Royal Risers Cricket Club RRCC,Deccan Tigers Cricket Club DTCC,"Heritage Park, Canton",2026 T20,Division III,,,,,,,,,
league,2026-08-09,14:30:00,Majestic Lions CC MLCC,Mavericks Cricket Club MVCC,"Trombly Park, Warren",2026 T20,Division II,,,,,,,,,
league,2026-08-09,14:30:00,Michigan Rangers CC MIRC,Royal Albatross Club RACC,"Murphy Park, Pontiac",2026 T20,Division II,,,,,,,,,
league,2026-08-09,12:30:00,Michigan Elite CC MELC,Northville Cricket Club Risers NLCR,Millennium Park,2026 T20,Division III,,,,,,,,,
league,2026-08-09,12:30:00,Scorpions Cricket Club SCRP,Odia CA Lancers ODCL,Clinton Twp,2026 T20,Division II,,,,,,,,,
league,2026-08-09,12:30:00,Detroit Dynos CC DDCC,Troy CA Stars TCAS,"Belle Isle, Detroit",2026 T20,Division II,,,,,,,,,
league,2026-08-09,12:30:00,United CC UNCC,West Michigan CC WMCC,Jayne Field,2026 T20,Division I,,,,,,,,,
league,2026-08-09,12:30:00,Macomb CC Titans MACT,Detroit Royals CC DRCC,"Joseph J. Delia Jr. Park, Sterling Heights",2026 T20,Premier,,,,,,,,,
league,2026-08-09,12:30:00,Troy Cricket Super Kings TCSK,Greater Detroit CC Panthers GPAN,"Lyon Oaks Country Park, Wixom",2026 T20,Premier,,,,,,,,,
league,2026-08-09,12:30:00,Chargers Warriors Association CHWA,Michigan Cheetahs MICT,"Lasky Recreation Center, Detroit",2026 T20,Premier,,,,,,,,,
league,2026-08-09,12:30:00,Motor City United CC MCUC,Punjab Cricket Club PCC,"Bloomer Park, Rochester Hills",2026 T20,Premier,,,,,,,,,
league,2026-08-09,10:30:00,Killers Acadamy CC KLCA,Sixers Cricket Club SIXC,"Trombly Park, Warren",2026 T20,Division II,,,,,,,,,
league,2026-08-09,10:30:00,Michigan Dreamers CC MIDS,Michigan Bengals CC Warriors MBCW,"Murphy Park, Pontiac",2026 T20,Division II,,,,,,,,,
league,2026-08-09,10:30:00,Big League Arena CC Knights BLAK,Lions Cricket Club LCC,"Heritage Park, Canton",2026 T20,Division II,,,,,,,,,
league,2026-08-09,08:45:00,Detroit Eagles Cricket Club DEEG,Michigan International CA Firebirds MIFB,Millennium Park,2026 T20,Division III,,,,,,,,,
league,2026-08-09,08:45:00,Prime Strikers PRSD,Crowned Strikers CRWN,Clinton Twp,2026 T20,Division III,,,,,,,,,
league,2026-08-09,08:45:00,Aadukalam CC Chembians ADCB,MACHI CC MACH,"Belle Isle, Detroit",2026 T20,Division III,,,,,,,,,
league,2026-08-09,08:45:00,Rising Stars CC RIST,South Lyon Cricket Club Avengers SLCA,"Bloomer Park, Rochester Hills",2026 T20,Division II,,,,,,,,,
league,2026-08-09,08:45:00,Smashers Cricket Club SHCC,MIGR Old Monk GROM,"Joseph J. Delia Jr. Park, Sterling Heights",2026 T20,Division I,,,,,,,,,
league,2026-08-09,08:45:00,Northville Cricket Club NLCC,Karnataka Eagles CC KECC,"Lyon Oaks Country Park, Wixom",2026 T20,Division I,,,,,,,,,
league,2026-08-09,08:45:00,Samrats Cricket Club SCC,University of Toledo Rockets UTCC,"Lasky Recreation Center, Detroit",2026 T20,Division I,,,,,,,,,
league,2026-08-09,08:45:00,Metro Detroit CC MDCC,Farmington CC Kings XI FCXI,Jayne Field,2026 T20,Division I,,,,,,,,,
league,2026-08-16,16:00:00,Farmington Stars FSCC,Farmington Cricket Club Broncos FCCB,Millennium Park,2026 T20,Division III,,,,,,,,,
league,2026-08-16,16:00:00,Deccan Tigers Cricket Club DTCC,Farmington CC Falcons FAFL,Clinton Twp,2026 T20,Division III,,,,,,,,,
league,2026-08-16,16:00:00,Killers Acadamy CC KLCA,The Squad Cricket Club TSXI,Jayne Field,2026 T20,Division II,,,,,,,,,
league,2026-08-16,16:00:00,Michigan International CA Thunderbirds MICA,Rockstars ROCK,"Belle Isle, Detroit",2026 T20,Division I,,,,,,,,,
league,2026-08-16,16:00:00,Punjab Cricket Club PCC,Odia CA Crusaders ODCC,"Boulan Park, Troy",2026 T20,Premier,,,,,,,,,
league,2026-08-16,16:00:00,Michigan Warriors MIWA,Motor City United CC MCUC,"Joseph J. Delia Jr. Park, Sterling Heights",2026 T20,Premier,,,,,,,,,
league,2026-08-16,16:00:00,Killers CC KLCC,Chargers Warriors Association CHWA,"Lyon Oaks Country Park, Wixom",2026 T20,Premier,,,,,,,,,
league,2026-08-16,16:00:00,Detroit Royals CC DRCC,Greater Detroit CC Panthers GPAN,"Lasky Recreation Center, Detroit",2026 T20,Premier,,,,,,,,,
league,2026-08-16,16:00:00,Brownstown Nirvana CC BSCC,Troy Cricket Super Kings TCSK,"Bloomer Park, Rochester Hills",2026 T20,Premier,,,,,,,,,
league,2026-08-16,14:30:00,MYCA Elite MYCA,Northville Cricket Club Risers NLCR,"Heritage Park, Canton",2026 T20,Division III,,,,,,,,,
league,2026-08-16,14:30:00,Aadukalam CC Chevaliers ADCC,Michigan Bengals CC Warriors MBCW,"Trombly Park, Warren",2026 T20,Division II,,,,,,,,,
league,2026-08-16,14:30:00,Rebels Cricket Club RECC,Motor City Chargers Cricket Club MCC,"Murphy Park, Pontiac",2026 T20,Division II,,,,,,,,,
league,2026-08-16,12:30:00,Novi Vikings NVVK,Royal Risers Cricket Club RRCC,Clinton Twp,2026 T20,Division III,,,,,,,,,
league,2026-08-16,12:30:00,Michigan Dreamers CC MIDS,Detroit Dragons DEDR,"Joseph J. Delia Jr. Park, Sterling Heights",2026 T20,Division II,,,,,,,,,
league,2026-08-16,12:30:00,Michigan Challengers MICH,Rising Stars CC RIST,Jayne Field,2026 T20,Division II,,,,,,,,,
league,2026-08-16,12:30:00,Metro Detroit CC MDCC,MIGR Old Monk GROM,"Lyon Oaks Country Park, Wixom",2026 T20,Division I,,,,,,,,,
league,2026-08-16,12:30:00,Motown CC MOCC,Michigan Bengals CC MBCC,"Lasky Recreation Center, Detroit",2026 T20,Division I,,,,,,,,,
league,2026-08-16,12:30:00,Detroit Challengers CC DCCC,Macomb CC Olympians MACO,"Bloomer Park, Rochester Hills",2026 T20,Division I,,,,,,,,,
league,2026-08-16,12:30:00,Michigan Cheetahs MICT,Macomb CC Titans MACT,"Boulan Park, Troy",2026 T20,Premier,,,,,,,,,
league,2026-08-16,10:30:00,South Lyon Cricket Club Avengers SLCA,Oakland County CC OCCC,"Trombly Park, Warren",2026 T20,Division II,,,,,,,,,
league,2026-08-16,10:30:00,Majestic Lions CC MLCC,Scorpions Cricket Club SCRP,"Murphy Park, Pontiac",2026 T20,Division II,,,,,,,,,
league,2026-08-16,08:45:00,Royal Knights CC Terminators RKTE,Detroit Dynos CC DDCC,"Joseph J. Delia Jr. Park, Sterling Heights",2026 T20,Division II,,,,,,,,,
league,2026-08-16,08:45:00,Mavericks Cricket Club MVCC,Odia CA Lancers ODCL,Jayne Field,2026 T20,Division II,,,,,,,,,
league,2026-08-16,08:45:00,Detroit Super Kings CC Bulls DSKB,Samrats Cricket Club SCC,"Lyon Oaks Country Park, Wixom",2026 T20,Division I,,,,,,,,,
league,2026-08-16,08:45:00,Mid Michigan CC Heroes MMCH,Hamtramck CC HTCC,"Lasky Recreation Center, Detroit",2026 T20,Division I,,,,,,,,,
league,2026-08-16,08:45:00,Sinha Cricket Club SNCC,South Lyon Cricket Club  Legends  SLCL,"Bloomer Park, Rochester Hills",2026 T20,Division I,,,,,,,,,
league,2026-08-23,16:00:00,Detroit Royals CC DRCC,Michigan Warriors MIWA,"Boulan Park, Troy",2026 T20,Premier,,,,,,,,,
league,2026-08-23,16:00:00,Become Better Novi Cardinals BBNC,Odia CA Crusaders ODCC,Jayne Field,2026 T20,Premier,,,,,,,,,
league,2026-08-23,12:30:00,Greater Detroit CC Panthers GPAN,Macomb CC Titans MACT,"Boulan Park, Troy",2026 T20,Premier,,,,,,,,,
league,2026-08-23,12:30:00,Killers CC KLCC,Stellar United Sporting Club SUSC,Jayne Field,2026 T20,Premier,,,,,,,,,